CardID,Player,Year,Set,Grade,Value,StartPrice,TargetPrice,NeedsManualCheck,Notes,Front,Back,CardNum,CardNumber,ImageFile
"CardID,Player,Year,Set,Grade,Value,StartPrice,TargetPrice,NeedsManualCheck,Notes,Front,Back,CardNum,CardNumber,ImageFile",,,,,,,,,,,,,,
"AAA001,,,,2025,AAAippics,,,,""Pair 1 Front"",AAA001_front.jpg,AAA001_back.jpg,1,001,AAA001_front.jpg",,,,,,,,,,,,,,
"AAA001,,,,2025,AAAippics,,,,""Pair 1 Back"",AAA001_front.jpg,AAA001_back.jpg,1,001,AAA001_back.jpg",,,,,,,,,,,,,,
"AAA002,,,,2025,AAAippics,,,,""Pair 2 Front"",AAA002_front.jpg,AAA002_back.jpg,2,002,AAA002_front.jpg",,,,,,,,,,,,,,
"AAA002,,,,2025,AAAippics,,,,""Pair 2 Back"",AAA002_front.jpg,AAA002_back.jpg,2,002,AAA002_back.jpg",,,,,,,,,,,,,,
"AAA003,,,,2025,AAAippics,,,,""Pair 3 Front"",AAA003_front.jpg,AAA003_back.jpg,3,003,AAA003_front.jpg",,,,,,,,,,,,,,
"AAA003,,,,2025,AAAippics,,,,""Pair 3 Back"",AAA003_front.jpg,AAA003_back.jpg,3,003,AAA003_back.jpg",,,,,,,,,,,,,,
"AAA004,,,,2025,AAAippics,,,,""Pair 4 Front"",AAA004_front.jpg,AAA004_back.jpg,4,004,AAA004_front.jpg",,,,,,,,,,,,,,
"AAA004,,,,2025,AAAippics,,,,""Pair 4 Back"",AAA004_front.jpg,AAA004_back.jpg,4,004,AAA004_back.jpg",,,,,,,,,,,,,,
"AAA005,,,,2025,AAAippics,,,,""Pair 5 Front"",AAA005_front.jpg,AAA005_back.jpg,5,005,AAA005_front.jpg",,,,,,,,,,,,,,
"AAA005,,,,2025,AAAippics,,,,""Pair 5 Back"",AAA005_front.jpg,AAA005_back.jpg,5,005,AAA005_back.jpg",,,,,,,,,,,,,,
"AAA006,,,,2025,AAAippics,,,,""Pair 6 Front"",AAA006_front.jpg,AAA006_back.jpg,6,006,AAA006_front.jpg",,,,,,,,,,,,,,
"AAA006,,,,2025,AAAippics,,,,""Pair 6 Back"",AAA006_front.jpg,AAA006_back.jpg,6,006,AAA006_back.jpg",,,,,,,,,,,,,,
"AAA007,,,,2025,AAAippics,,,,""Pair 7 Front"",AAA007_front.jpg,AAA007_back.jpg,7,007,AAA007_front.jpg",,,,,,,,,,,,,,
"AAA007,,,,2025,AAAippics,,,,""Pair 7 Back"",AAA007_front.jpg,AAA007_back.jpg,7,007,AAA007_back.jpg",,,,,,,,,,,,,,
"AAA008,,,,2025,AAAippics,,,,""Pair 8 Front"",AAA008_front.jpg,AAA008_back.jpg,8,008,AAA008_front.jpg",,,,,,,,,,,,,,
"AAA008,,,,2025,AAAippics,,,,""Pair 8 Back"",AAA008_front.jpg,AAA008_back.jpg,8,008,AAA008_back.jpg",,,,,,,,,,,,,,
"AAA009,,,,2025,AAAippics,,,,""Pair 9 Front"",AAA009_front.jpg,AAA009_back.jpg,9,009,AAA009_front.jpg",,,,,,,,,,,,,,
"AAA009,,,,2025,AAAippics,,,,""Pair 9 Back"",AAA009_front.jpg,AAA009_back.jpg,9,009,AAA009_back.jpg",,,,,,,,,,,,,,
"AAA010,,,,2025,AAAippics,,,,""Pair 10 Front"",AAA010_front.jpg,AAA010_back.jpg,10,010,AAA010_front.jpg",,,,,,,,,,,,,,
"AAA010,,,,2025,AAAippics,,,,""Pair 10 Back"",AAA010_front.jpg,AAA010_back.jpg,10,010,AAA010_back.jpg",,,,,,,,,,,,,,
"AAA011,,,,2025,AAAippics,,,,""Pair 11 Front"",AAA011_front.jpg,AAA011_back.jpg,11,011,AAA011_front.jpg",,,,,,,,,,,,,,
"AAA011,,,,2025,AAAippics,,,,""Pair 11 Back"",AAA011_front.jpg,AAA011_back.jpg,11,011,AAA011_back.jpg",,,,,,,,,,,,,,
"AAA012,,,,2025,AAAippics,,,,""Pair 12 Front"",AAA012_front.jpg,AAA012_back.jpg,12,012,AAA012_front.jpg",,,,,,,,,,,,,,
"AAA012,,,,2025,AAAippics,,,,""Pair 12 Back"",AAA012_front.jpg,AAA012_back.jpg,12,012,AAA012_back.jpg",,,,,,,,,,,,,,
"AAA013,,,,2025,AAAippics,,,,""Pair 13 Front"",AAA013_front.jpg,AAA013_back.jpg,13,013,AAA013_front.jpg",,,,,,,,,,,,,,
"AAA013,,,,2025,AAAippics,,,,""Pair 13 Back"",AAA013_front.jpg,AAA013_back.jpg,13,013,AAA013_back.jpg",,,,,,,,,,,,,,
"AAA014,,,,2025,AAAippics,,,,""Pair 14 Front"",AAA014_front.jpg,AAA014_back.jpg,14,014,AAA014_front.jpg",,,,,,,,,,,,,,
"AAA014,,,,2025,AAAippics,,,,""Pair 14 Back"",AAA014_front.jpg,AAA014_back.jpg,14,014,AAA014_back.jpg",,,,,,,,,,,,,,
"AAA015,,,,2025,AAAippics,,,,""Pair 15 Front"",AAA015_front.jpg,AAA015_back.jpg,15,015,AAA015_front.jpg",,,,,,,,,,,,,,
"AAA015,,,,2025,AAAippics,,,,""Pair 15 Back"",AAA015_front.jpg,AAA015_back.jpg,15,015,AAA015_back.jpg",,,,,,,,,,,,,,
"AAA016,,,,2025,AAAippics,,,,""Pair 16 Front"",AAA016_front.jpg,AAA016_back.jpg,16,016,AAA016_front.jpg",,,,,,,,,,,,,,
"AAA016,,,,2025,AAAippics,,,,""Pair 16 Back"",AAA016_front.jpg,AAA016_back.jpg,16,016,AAA016_back.jpg",,,,,,,,,,,,,,
"AAA017,,,,2025,AAAippics,,,,""Pair 17 Front"",AAA017_front.jpg,AAA017_back.jpg,17,017,AAA017_front.jpg",,,,,,,,,,,,,,
"AAA017,,,,2025,AAAippics,,,,""Pair 17 Back"",AAA017_front.jpg,AAA017_back.jpg,17,017,AAA017_back.jpg",,,,,,,,,,,,,,
"AAA018,,,,2025,AAAippics,,,,""Pair 18 Front"",AAA018_front.jpg,AAA018_back.jpg,18,018,AAA018_front.jpg",,,,,,,,,,,,,,
"AAA018,,,,2025,AAAippics,,,,""Pair 18 Back"",AAA018_front.jpg,AAA018_back.jpg,18,018,AAA018_back.jpg",,,,,,,,,,,,,,
"AAA019,,,,2025,AAAippics,,,,""Pair 19 Front"",AAA019_front.jpg,AAA019_back.jpg,19,019,AAA019_front.jpg",,,,,,,,,,,,,,
"AAA019,,,,2025,AAAippics,,,,""Pair 19 Back"",AAA019_front.jpg,AAA019_back.jpg,19,019,AAA019_back.jpg",,,,,,,,,,,,,,
"AAA020,,,,2025,AAAippics,,,,""Pair 20 Front"",AAA020_front.jpg,AAA020_back.jpg,20,020,AAA020_front.jpg",,,,,,,,,,,,,,
"AAA020,,,,2025,AAAippics,,,,""Pair 20 Back"",AAA020_front.jpg,AAA020_back.jpg,20,020,AAA020_back.jpg",,,,,,,,,,,,,,
"AAA021,,,,2025,AAAippics,,,,""Pair 21 Front"",AAA021_front.jpg,AAA021_back.jpg,21,021,AAA021_front.jpg",,,,,,,,,,,,,,
"AAA021,,,,2025,AAAippics,,,,""Pair 21 Back"",AAA021_front.jpg,AAA021_back.jpg,21,021,AAA021_back.jpg",,,,,,,,,,,,,,
"AAA022,,,,2025,AAAippics,,,,""Pair 22 Front"",AAA022_front.jpg,AAA022_back.jpg,22,022,AAA022_front.jpg",,,,,,,,,,,,,,
"AAA022,,,,2025,AAAippics,,,,""Pair 22 Back"",AAA022_front.jpg,AAA022_back.jpg,22,022,AAA022_back.jpg",,,,,,,,,,,,,,
"AAA023,,,,2025,AAAippics,,,,""Pair 23 Front"",AAA023_front.jpg,AAA023_back.jpg,23,023,AAA023_front.jpg",,,,,,,,,,,,,,
"AAA023,,,,2025,AAAippics,,,,""Pair 23 Back"",AAA023_front.jpg,AAA023_back.jpg,23,023,AAA023_back.jpg",,,,,,,,,,,,,,
"AAA024,,,,2025,AAAippics,,,,""Pair 24 Front"",AAA024_front.jpg,AAA024_back.jpg,24,024,AAA024_front.jpg",,,,,,,,,,,,,,
"AAA024,,,,2025,AAAippics,,,,""Pair 24 Back"",AAA024_front.jpg,AAA024_back.jpg,24,024,AAA024_back.jpg",,,,,,,,,,,,,,
"AAA025,,,,2025,AAAippics,,,,""Pair 25 Front"",AAA025_front.jpg,AAA025_back.jpg,25,025,AAA025_front.jpg",,,,,,,,,,,,,,
"AAA025,,,,2025,AAAippics,,,,""Pair 25 Back"",AAA025_front.jpg,AAA025_back.jpg,25,025,AAA025_back.jpg",,,,,,,,,,,,,,
"AAA026,,,,2025,AAAippics,,,,""Pair 26 Front"",AAA026_front.jpg,AAA026_back.jpg,26,026,AAA026_front.jpg",,,,,,,,,,,,,,
"AAA026,,,,2025,AAAippics,,,,""Pair 26 Back"",AAA026_front.jpg,AAA026_back.jpg,26,026,AAA026_back.jpg",,,,,,,,,,,,,,
"AAA027,,,,2025,AAAippics,,,,""Pair 27 Front"",AAA027_front.jpg,AAA027_back.jpg,27,027,AAA027_front.jpg",,,,,,,,,,,,,,
"AAA027,,,,2025,AAAippics,,,,""Pair 27 Back"",AAA027_front.jpg,AAA027_back.jpg,27,027,AAA027_back.jpg",,,,,,,,,,,,,,
"AAA028,,,,2025,AAAippics,,,,""Pair 28 Front"",AAA028_front.jpg,AAA028_back.jpg,28,028,AAA028_front.jpg",,,,,,,,,,,,,,
"AAA028,,,,2025,AAAippics,,,,""Pair 28 Back"",AAA028_front.jpg,AAA028_back.jpg,28,028,AAA028_back.jpg",,,,,,,,,,,,,,
"AAA029,,,,2025,AAAippics,,,,""Pair 29 Front"",AAA029_front.jpg,AAA029_back.jpg,29,029,AAA029_front.jpg",,,,,,,,,,,,,,
"AAA029,,,,2025,AAAippics,,,,""Pair 29 Back"",AAA029_front.jpg,AAA029_back.jpg,29,029,AAA029_back.jpg",,,,,,,,,,,,,,
"AAA030,,,,2025,AAAippics,,,,""Pair 30 Front"",AAA030_front.jpg,AAA030_back.jpg,30,030,AAA030_front.jpg",,,,,,,,,,,,,,
"AAA030,,,,2025,AAAippics,,,,""Pair 30 Back"",AAA030_front.jpg,AAA030_back.jpg,30,030,AAA030_back.jpg",,,,,,,,,,,,,,
"AAA031,,,,2025,AAAippics,,,,""Pair 31 Front"",AAA031_front.jpg,AAA031_back.jpg,31,031,AAA031_front.jpg",,,,,,,,,,,,,,
"AAA031,,,,2025,AAAippics,,,,""Pair 31 Back"",AAA031_front.jpg,AAA031_back.jpg,31,031,AAA031_back.jpg",,,,,,,,,,,,,,
"AAA032,,,,2025,AAAippics,,,,""Pair 32 Front"",AAA032_front.jpg,AAA032_back.jpg,32,032,AAA032_front.jpg",,,,,,,,,,,,,,
"AAA032,,,,2025,AAAippics,,,,""Pair 32 Back"",AAA032_front.jpg,AAA032_back.jpg,32,032,AAA032_back.jpg",,,,,,,,,,,,,,
"AAA033,,,,2025,AAAippics,,,,""Pair 33 Front"",AAA033_front.jpg,AAA033_back.jpg,33,033,AAA033_front.jpg",,,,,,,,,,,,,,
"AAA033,,,,2025,AAAippics,,,,""Pair 33 Back"",AAA033_front.jpg,AAA033_back.jpg,33,033,AAA033_back.jpg",,,,,,,,,,,,,,
"AAA034,,,,2025,AAAippics,,,,""Pair 34 Front"",AAA034_front.jpg,AAA034_back.jpg,34,034,AAA034_front.jpg",,,,,,,,,,,,,,
"AAA034,,,,2025,AAAippics,,,,""Pair 34 Back"",AAA034_front.jpg,AAA034_back.jpg,34,034,AAA034_back.jpg",,,,,,,,,,,,,,
"AAA035,,,,2025,AAAippics,,,,""Pair 35 Front"",AAA035_front.jpg,AAA035_back.jpg,35,035,AAA035_front.jpg",,,,,,,,,,,,,,
"AAA035,,,,2025,AAAippics,,,,""Pair 35 Back"",AAA035_front.jpg,AAA035_back.jpg,35,035,AAA035_back.jpg",,,,,,,,,,,,,,
"AAA036,,,,2025,AAAippics,,,,""Pair 36 Front"",AAA036_front.jpg,AAA036_back.jpg,36,036,AAA036_front.jpg",,,,,,,,,,,,,,
"AAA036,,,,2025,AAAippics,,,,""Pair 36 Back"",AAA036_front.jpg,AAA036_back.jpg,36,036,AAA036_back.jpg",,,,,,,,,,,,,,
"AAA037,,,,2025,AAAippics,,,,""Pair 37 Front"",AAA037_front.jpg,AAA037_back.jpg,37,037,AAA037_front.jpg",,,,,,,,,,,,,,
"AAA037,,,,2025,AAAippics,,,,""Pair 37 Back"",AAA037_front.jpg,AAA037_back.jpg,37,037,AAA037_back.jpg",,,,,,,,,,,,,,
"AAA038,,,,2025,AAAippics,,,,""Pair 38 Front"",AAA038_front.jpg,AAA038_back.jpg,38,038,AAA038_front.jpg",,,,,,,,,,,,,,
"AAA038,,,,2025,AAAippics,,,,""Pair 38 Back"",AAA038_front.jpg,AAA038_back.jpg,38,038,AAA038_back.jpg",,,,,,,,,,,,,,
"AAA039,,,,2025,AAAippics,,,,""Pair 39 Front"",AAA039_front.jpg,AAA039_back.jpg,39,039,AAA039_front.jpg",,,,,,,,,,,,,,
"AAA039,,,,2025,AAAippics,,,,""Pair 39 Back"",AAA039_front.jpg,AAA039_back.jpg,39,039,AAA039_back.jpg",,,,,,,,,,,,,,
"AAA040,,,,2025,AAAippics,,,,""Pair 40 Front"",AAA040_front.jpg,AAA040_back.jpg,40,040,AAA040_front.jpg",,,,,,,,,,,,,,
"AAA040,,,,2025,AAAippics,,,,""Pair 40 Back"",AAA040_front.jpg,AAA040_back.jpg,40,040,AAA040_back.jpg",,,,,,,,,,,,,,
"AAA041,,,,2025,AAAippics,,,,""Pair 41 Front"",AAA041_front.jpg,AAA041_back.jpg,41,041,AAA041_front.jpg",,,,,,,,,,,,,,
"AAA041,,,,2025,AAAippics,,,,""Pair 41 Back"",AAA041_front.jpg,AAA041_back.jpg,41,041,AAA041_back.jpg",,,,,,,,,,,,,,
"AAA042,,,,2025,AAAippics,,,,""Pair 42 Front"",AAA042_front.jpg,AAA042_back.jpg,42,042,AAA042_front.jpg",,,,,,,,,,,,,,
"AAA042,,,,2025,AAAippics,,,,""Pair 42 Back"",AAA042_front.jpg,AAA042_back.jpg,42,042,AAA042_back.jpg",,,,,,,,,,,,,,
"AAA043,,,,2025,AAAippics,,,,""Pair 43 Front"",AAA043_front.jpg,AAA043_back.jpg,43,043,AAA043_front.jpg",,,,,,,,,,,,,,
"AAA043,,,,2025,AAAippics,,,,""Pair 43 Back"",AAA043_front.jpg,AAA043_back.jpg,43,043,AAA043_back.jpg",,,,,,,,,,,,,,
"AAA044,,,,2025,AAAippics,,,,""Pair 44 Front"",AAA044_front.jpg,AAA044_back.jpg,44,044,AAA044_front.jpg",,,,,,,,,,,,,,
"AAA044,,,,2025,AAAippics,,,,""Pair 44 Back"",AAA044_front.jpg,AAA044_back.jpg,44,044,AAA044_back.jpg",,,,,,,,,,,,,,
"AAA045,,,,2025,AAAippics,,,,""Pair 45 Front"",AAA045_front.jpg,AAA045_back.jpg,45,045,AAA045_front.jpg",,,,,,,,,,,,,,
"AAA045,,,,2025,AAAippics,,,,""Pair 45 Back"",AAA045_front.jpg,AAA045_back.jpg,45,045,AAA045_back.jpg",,,,,,,,,,,,,,
"AAA046,,,,2025,AAAippics,,,,""Pair 46 Front"",AAA046_front.jpg,AAA046_back.jpg,46,046,AAA046_front.jpg",,,,,,,,,,,,,,
"AAA046,,,,2025,AAAippics,,,,""Pair 46 Back"",AAA046_front.jpg,AAA046_back.jpg,46,046,AAA046_back.jpg",,,,,,,,,,,,,,
"AAA047,,,,2025,AAAippics,,,,""Pair 47 Front"",AAA047_front.jpg,AAA047_back.jpg,47,047,AAA047_front.jpg",,,,,,,,,,,,,,
"AAA047,,,,2025,AAAippics,,,,""Pair 47 Back"",AAA047_front.jpg,AAA047_back.jpg,47,047,AAA047_back.jpg",,,,,,,,,,,,,,
"AAA048,,,,2025,AAAippics,,,,""Pair 48 Front"",AAA048_front.jpg,AAA048_back.jpg,48,048,AAA048_front.jpg",,,,,,,,,,,,,,
"AAA048,,,,2025,AAAippics,,,,""Pair 48 Back"",AAA048_front.jpg,AAA048_back.jpg,48,048,AAA048_back.jpg",,,,,,,,,,,,,,
"AAA049,,,,2025,AAAippics,,,,""Pair 49 Front"",AAA049_front.jpg,AAA049_back.jpg,49,049,AAA049_front.jpg",,,,,,,,,,,,,,
"AAA049,,,,2025,AAAippics,,,,""Pair 49 Back"",AAA049_front.jpg,AAA049_back.jpg,49,049,AAA049_back.jpg",,,,,,,,,,,,,,
"AAA050,,,,2025,AAAippics,,,,""Pair 50 Front"",AAA050_front.jpg,AAA050_back.jpg,50,050,AAA050_front.jpg",,,,,,,,,,,,,,
"AAA050,,,,2025,AAAippics,,,,""Pair 50 Back"",AAA050_front.jpg,AAA050_back.jpg,50,050,AAA050_back.jpg",,,,,,,,,,,,,,
"AAA051,,,,2025,AAAippics,,,,""Pair 51 Front"",AAA051_front.jpg,AAA051_back.jpg,51,051,AAA051_front.jpg",,,,,,,,,,,,,,
"AAA051,,,,2025,AAAippics,,,,""Pair 51 Back"",AAA051_front.jpg,AAA051_back.jpg,51,051,AAA051_back.jpg",,,,,,,,,,,,,,
"AAA052,,,,2025,AAAippics,,,,""Pair 52 Front"",AAA052_front.jpg,AAA052_back.jpg,52,052,AAA052_front.jpg",,,,,,,,,,,,,,
"AAA052,,,,2025,AAAippics,,,,""Pair 52 Back"",AAA052_front.jpg,AAA052_back.jpg,52,052,AAA052_back.jpg",,,,,,,,,,,,,,
"AAA053,,,,2025,AAAippics,,,,""Pair 53 Front"",AAA053_front.jpg,AAA053_back.jpg,53,053,AAA053_front.jpg",,,,,,,,,,,,,,
"AAA053,,,,2025,AAAippics,,,,""Pair 53 Back"",AAA053_front.jpg,AAA053_back.jpg,53,053,AAA053_back.jpg",,,,,,,,,,,,,,
"AAA054,,,,2025,AAAippics,,,,""Pair 54 Front"",AAA054_front.jpg,AAA054_back.jpg,54,054,AAA054_front.jpg",,,,,,,,,,,,,,
"AAA054,,,,2025,AAAippics,,,,""Pair 54 Back"",AAA054_front.jpg,AAA054_back.jpg,54,054,AAA054_back.jpg",,,,,,,,,,,,,,
"AAA055,,,,2025,AAAippics,,,,""Pair 55 Front"",AAA055_front.jpg,AAA055_back.jpg,55,055,AAA055_front.jpg",,,,,,,,,,,,,,
"AAA055,,,,2025,AAAippics,,,,""Pair 55 Back"",AAA055_front.jpg,AAA055_back.jpg,55,055,AAA055_back.jpg",,,,,,,,,,,,,,
"AAA056,,,,2025,AAAippics,,,,""Pair 56 Front"",AAA056_front.jpg,AAA056_back.jpg,56,056,AAA056_front.jpg",,,,,,,,,,,,,,
"AAA056,,,,2025,AAAippics,,,,""Pair 56 Back"",AAA056_front.jpg,AAA056_back.jpg,56,056,AAA056_back.jpg",,,,,,,,,,,,,,
"AAA057,,,,2025,AAAippics,,,,""Pair 57 Front"",AAA057_front.jpg,AAA057_back.jpg,57,057,AAA057_front.jpg",,,,,,,,,,,,,,
"AAA057,,,,2025,AAAippics,,,,""Pair 57 Back"",AAA057_front.jpg,AAA057_back.jpg,57,057,AAA057_back.jpg",,,,,,,,,,,,,,
"AAA058,,,,2025,AAAippics,,,,""Pair 58 Front"",AAA058_front.jpg,AAA058_back.jpg,58,058,AAA058_front.jpg",,,,,,,,,,,,,,
"AAA058,,,,2025,AAAippics,,,,""Pair 58 Back"",AAA058_front.jpg,AAA058_back.jpg,58,058,AAA058_back.jpg",,,,,,,,,,,,,,
"AAA059,,,,2025,AAAippics,,,,""Pair 59 Front"",AAA059_front.jpg,AAA059_back.jpg,59,059,AAA059_front.jpg",,,,,,,,,,,,,,
"AAA059,,,,2025,AAAippics,,,,""Pair 59 Back"",AAA059_front.jpg,AAA059_back.jpg,59,059,AAA059_back.jpg",,,,,,,,,,,,,,
"AAA060,,,,2025,AAAippics,,,,""Pair 60 Front"",AAA060_front.jpg,AAA060_back.jpg,60,060,AAA060_front.jpg",,,,,,,,,,,,,,
"AAA060,,,,2025,AAAippics,,,,""Pair 60 Back"",AAA060_front.jpg,AAA060_back.jpg,60,060,AAA060_back.jpg",,,,,,,,,,,,,,
"AAA061,,,,2025,AAAippics,,,,""Pair 61 Front"",AAA061_front.jpg,AAA061_back.jpg,61,061,AAA061_front.jpg",,,,,,,,,,,,,,
"AAA061,,,,2025,AAAippics,,,,""Pair 61 Back"",AAA061_front.jpg,AAA061_back.jpg,61,061,AAA061_back.jpg",,,,,,,,,,,,,,
"AAA062,,,,2025,AAAippics,,,,""Pair 62 Front"",AAA062_front.jpg,AAA062_back.jpg,62,062,AAA062_front.jpg",,,,,,,,,,,,,,
"AAA062,,,,2025,AAAippics,,,,""Pair 62 Back"",AAA062_front.jpg,AAA062_back.jpg,62,062,AAA062_back.jpg",,,,,,,,,,,,,,
"AAA063,,,,2025,AAAippics,,,,""Pair 63 Front"",AAA063_front.jpg,AAA063_back.jpg,63,063,AAA063_front.jpg",,,,,,,,,,,,,,
"AAA063,,,,2025,AAAippics,,,,""Pair 63 Back"",AAA063_front.jpg,AAA063_back.jpg,63,063,AAA063_back.jpg",,,,,,,,,,,,,,
"AAA064,,,,2025,AAAippics,,,,""Pair 64 Front"",AAA064_front.jpg,AAA064_back.jpg,64,064,AAA064_front.jpg",,,,,,,,,,,,,,
"AAA064,,,,2025,AAAippics,,,,""Pair 64 Back"",AAA064_front.jpg,AAA064_back.jpg,64,064,AAA064_back.jpg",,,,,,,,,,,,,,
"AAA065,,,,2025,AAAippics,,,,""Pair 65 Front"",AAA065_front.jpg,AAA065_back.jpg,65,065,AAA065_front.jpg",,,,,,,,,,,,,,
"AAA065,,,,2025,AAAippics,,,,""Pair 65 Back"",AAA065_front.jpg,AAA065_back.jpg,65,065,AAA065_back.jpg",,,,,,,,,,,,,,
"AAA066,,,,2025,AAAippics,,,,""Pair 66 Front"",AAA066_front.jpg,AAA066_back.jpg,66,066,AAA066_front.jpg",,,,,,,,,,,,,,
"AAA066,,,,2025,AAAippics,,,,""Pair 66 Back"",AAA066_front.jpg,AAA066_back.jpg,66,066,AAA066_back.jpg",,,,,,,,,,,,,,
"AAA067,,,,2025,AAAippics,,,,""Pair 67 Front"",AAA067_front.jpg,AAA067_back.jpg,67,067,AAA067_front.jpg",,,,,,,,,,,,,,
"AAA067,,,,2025,AAAippics,,,,""Pair 67 Back"",AAA067_front.jpg,AAA067_back.jpg,67,067,AAA067_back.jpg",,,,,,,,,,,,,,
"AAA068,,,,2025,AAAippics,,,,""Pair 68 Front"",AAA068_front.jpg,AAA068_back.jpg,68,068,AAA068_front.jpg",,,,,,,,,,,,,,
"AAA068,,,,2025,AAAippics,,,,""Pair 68 Back"",AAA068_front.jpg,AAA068_back.jpg,68,068,AAA068_back.jpg",,,,,,,,,,,,,,
"AAA069,,,,2025,AAAippics,,,,""Pair 69 Front"",AAA069_front.jpg,AAA069_back.jpg,69,069,AAA069_front.jpg",,,,,,,,,,,,,,
"AAA069,,,,2025,AAAippics,,,,""Pair 69 Back"",AAA069_front.jpg,AAA069_back.jpg,69,069,AAA069_back.jpg",,,,,,,,,,,,,,
"AAA070,,,,2025,AAAippics,,,,""Pair 70 Front"",AAA070_front.jpg,AAA070_back.jpg,70,070,AAA070_front.jpg",,,,,,,,,,,,,,
"AAA070,,,,2025,AAAippics,,,,""Pair 70 Back"",AAA070_front.jpg,AAA070_back.jpg,70,070,AAA070_back.jpg",,,,,,,,,,,,,,
"AAA071,,,,2025,AAAippics,,,,""Pair 71 Front"",AAA071_front.jpg,AAA071_back.jpg,71,071,AAA071_front.jpg",,,,,,,,,,,,,,
"AAA071,,,,2025,AAAippics,,,,""Pair 71 Back"",AAA071_front.jpg,AAA071_back.jpg,71,071,AAA071_back.jpg",,,,,,,,,,,,,,
"AAA072,,,,2025,AAAippics,,,,""Pair 72 Front"",AAA072_front.jpg,AAA072_back.jpg,72,072,AAA072_front.jpg",,,,,,,,,,,,,,
"AAA072,,,,2025,AAAippics,,,,""Pair 72 Back"",AAA072_front.jpg,AAA072_back.jpg,72,072,AAA072_back.jpg",,,,,,,,,,,,,,
"AAA073,,,,2025,AAAippics,,,,""Pair 73 Front"",AAA073_front.jpg,AAA073_back.jpg,73,073,AAA073_front.jpg",,,,,,,,,,,,,,
"AAA073,,,,2025,AAAippics,,,,""Pair 73 Back"",AAA073_front.jpg,AAA073_back.jpg,73,073,AAA073_back.jpg",,,,,,,,,,,,,,
"AAA074,,,,2025,AAAippics,,,,""Pair 74 Front"",AAA074_front.jpg,AAA074_back.jpg,74,074,AAA074_front.jpg",,,,,,,,,,,,,,
"AAA074,,,,2025,AAAippics,,,,""Pair 74 Back"",AAA074_front.jpg,AAA074_back.jpg,74,074,AAA074_back.jpg",,,,,,,,,,,,,,
"AAA075,,,,2025,AAAippics,,,,""Pair 75 Front"",AAA075_front.jpg,AAA075_back.jpg,75,075,AAA075_front.jpg",,,,,,,,,,,,,,
"AAA075,,,,2025,AAAippics,,,,""Pair 75 Back"",AAA075_front.jpg,AAA075_back.jpg,75,075,AAA075_back.jpg",,,,,,,,,,,,,,
"AAA076,,,,2025,AAAippics,,,,""Pair 76 Front"",AAA076_front.jpg,AAA076_back.jpg,76,076,AAA076_front.jpg",,,,,,,,,,,,,,
"AAA076,,,,2025,AAAippics,,,,""Pair 76 Back"",AAA076_front.jpg,AAA076_back.jpg,76,076,AAA076_back.jpg",,,,,,,,,,,,,,
"AAA077,,,,2025,AAAippics,,,,""Pair 77 Front"",AAA077_front.jpg,AAA077_back.jpg,77,077,AAA077_front.jpg",,,,,,,,,,,,,,
"AAA077,,,,2025,AAAippics,,,,""Pair 77 Back"",AAA077_front.jpg,AAA077_back.jpg,77,077,AAA077_back.jpg",,,,,,,,,,,,,,
"AAA078,,,,2025,AAAippics,,,,""Pair 78 Front"",AAA078_front.jpg,AAA078_back.jpg,78,078,AAA078_front.jpg",,,,,,,,,,,,,,
"AAA078,,,,2025,AAAippics,,,,""Pair 78 Back"",AAA078_front.jpg,AAA078_back.jpg,78,078,AAA078_back.jpg",,,,,,,,,,,,,,
"AAA079,,,,2025,AAAippics,,,,""Pair 79 Front"",AAA079_front.jpg,AAA079_back.jpg,79,079,AAA079_front.jpg",,,,,,,,,,,,,,
"AAA079,,,,2025,AAAippics,,,,""Pair 79 Back"",AAA079_front.jpg,AAA079_back.jpg,79,079,AAA079_back.jpg",,,,,,,,,,,,,,
"AAA080,,,,2025,AAAippics,,,,""Pair 80 Front"",AAA080_front.jpg,AAA080_back.jpg,80,080,AAA080_front.jpg",,,,,,,,,,,,,,
"AAA080,,,,2025,AAAippics,,,,""Pair 80 Back"",AAA080_front.jpg,AAA080_back.jpg,80,080,AAA080_back.jpg",,,,,,,,,,,,,,
"AAA081,,,,2025,AAAippics,,,,""Pair 81 Front"",AAA081_front.jpg,AAA081_back.jpg,81,081,AAA081_front.jpg",,,,,,,,,,,,,,
"AAA081,,,,2025,AAAippics,,,,""Pair 81 Back"",AAA081_front.jpg,AAA081_back.jpg,81,081,AAA081_back.jpg",,,,,,,,,,,,,,
"AAA082,,,,2025,AAAippics,,,,""Pair 82 Front"",AAA082_front.jpg,AAA082_back.jpg,82,082,AAA082_front.jpg",,,,,,,,,,,,,,
"AAA082,,,,2025,AAAippics,,,,""Pair 82 Back"",AAA082_front.jpg,AAA082_back.jpg,82,082,AAA082_back.jpg",,,,,,,,,,,,,,
"AAA083,,,,2025,AAAippics,,,,""Pair 83 Front"",AAA083_front.jpg,AAA083_back.jpg,83,083,AAA083_front.jpg",,,,,,,,,,,,,,
"AAA083,,,,2025,AAAippics,,,,""Pair 83 Back"",AAA083_front.jpg,AAA083_back.jpg,83,083,AAA083_back.jpg",,,,,,,,,,,,,,
"AAA084,,,,2025,AAAippics,,,,""Pair 84 Front"",AAA084_front.jpg,AAA084_back.jpg,84,084,AAA084_front.jpg",,,,,,,,,,,,,,
"AAA084,,,,2025,AAAippics,,,,""Pair 84 Back"",AAA084_front.jpg,AAA084_back.jpg,84,084,AAA084_back.jpg",,,,,,,,,,,,,,
"AAA085,,,,2025,AAAippics,,,,""Pair 85 Front"",AAA085_front.jpg,AAA085_back.jpg,85,085,AAA085_front.jpg",,,,,,,,,,,,,,
"AAA085,,,,2025,AAAippics,,,,""Pair 85 Back"",AAA085_front.jpg,AAA085_back.jpg,85,085,AAA085_back.jpg",,,,,,,,,,,,,,
"AAA086,,,,2025,AAAippics,,,,""Pair 86 Front"",AAA086_front.jpg,AAA086_back.jpg,86,086,AAA086_front.jpg",,,,,,,,,,,,,,
"AAA086,,,,2025,AAAippics,,,,""Pair 86 Back"",AAA086_front.jpg,AAA086_back.jpg,86,086,AAA086_back.jpg",,,,,,,,,,,,,,
"AAA087,,,,2025,AAAippics,,,,""Pair 87 Front"",AAA087_front.jpg,AAA087_back.jpg,87,087,AAA087_front.jpg",,,,,,,,,,,,,,
"AAA087,,,,2025,AAAippics,,,,""Pair 87 Back"",AAA087_front.jpg,AAA087_back.jpg,87,087,AAA087_back.jpg",,,,,,,,,,,,,,
"AAA088,,,,2025,AAAippics,,,,""Pair 88 Front"",AAA088_front.jpg,AAA088_back.jpg,88,088,AAA088_front.jpg",,,,,,,,,,,,,,
"AAA088,,,,2025,AAAippics,,,,""Pair 88 Back"",AAA088_front.jpg,AAA088_back.jpg,88,088,AAA088_back.jpg",,,,,,,,,,,,,,
"AAA089,,,,2025,AAAippics,,,,""Pair 89 Front"",AAA089_front.jpg,AAA089_back.jpg,89,089,AAA089_front.jpg",,,,,,,,,,,,,,
"AAA089,,,,2025,AAAippics,,,,""Pair 89 Back"",AAA089_front.jpg,AAA089_back.jpg,89,089,AAA089_back.jpg",,,,,,,,,,,,,,
"AAA090,,,,2025,AAAippics,,,,""Pair 90 Front"",AAA090_front.jpg,AAA090_back.jpg,90,090,AAA090_front.jpg",,,,,,,,,,,,,,
"AAA090,,,,2025,AAAippics,,,,""Pair 90 Back"",AAA090_front.jpg,AAA090_back.jpg,90,090,AAA090_back.jpg",,,,,,,,,,,,,,
"AAA091,,,,2025,AAAippics,,,,""Pair 91 Front"",AAA091_front.jpg,AAA091_back.jpg,91,091,AAA091_front.jpg",,,,,,,,,,,,,,
"AAA091,,,,2025,AAAippics,,,,""Pair 91 Back"",AAA091_front.jpg,AAA091_back.jpg,91,091,AAA091_back.jpg",,,,,,,,,,,,,,
"AAA092,,,,2025,AAAippics,,,,""Pair 92 Front"",AAA092_front.jpg,AAA092_back.jpg,92,092,AAA092_front.jpg",,,,,,,,,,,,,,
"AAA092,,,,2025,AAAippics,,,,""Pair 92 Back"",AAA092_front.jpg,AAA092_back.jpg,92,092,AAA092_back.jpg",,,,,,,,,,,,,,
"AAA093,,,,2025,AAAippics,,,,""Pair 93 Front"",AAA093_front.jpg,AAA093_back.jpg,93,093,AAA093_front.jpg",,,,,,,,,,,,,,
"AAA093,,,,2025,AAAippics,,,,""Pair 93 Back"",AAA093_front.jpg,AAA093_back.jpg,93,093,AAA093_back.jpg",,,,,,,,,,,,,,
"AAA094,,,,2025,AAAippics,,,,""Pair 94 Front"",AAA094_front.jpg,AAA094_back.jpg,94,094,AAA094_front.jpg",,,,,,,,,,,,,,
"AAA094,,,,2025,AAAippics,,,,""Pair 94 Back"",AAA094_front.jpg,AAA094_back.jpg,94,094,AAA094_back.jpg",,,,,,,,,,,,,,
"AAA095,,,,2025,AAAippics,,,,""Pair 95 Front"",AAA095_front.jpg,AAA095_back.jpg,95,095,AAA095_front.jpg",,,,,,,,,,,,,,
"AAA095,,,,2025,AAAippics,,,,""Pair 95 Back"",AAA095_front.jpg,AAA095_back.jpg,95,095,AAA095_back.jpg",,,,,,,,,,,,,,
"AAA096,,,,2025,AAAippics,,,,""Pair 96 Front"",AAA096_front.jpg,AAA096_back.jpg,96,096,AAA096_front.jpg",,,,,,,,,,,,,,
"AAA096,,,,2025,AAAippics,,,,""Pair 96 Back"",AAA096_front.jpg,AAA096_back.jpg,96,096,AAA096_back.jpg",,,,,,,,,,,,,,
"AAA097,,,,2025,AAAippics,,,,""Pair 97 Front"",AAA097_front.jpg,AAA097_back.jpg,97,097,AAA097_front.jpg",,,,,,,,,,,,,,
"AAA097,,,,2025,AAAippics,,,,""Pair 97 Back"",AAA097_front.jpg,AAA097_back.jpg,97,097,AAA097_back.jpg",,,,,,,,,,,,,,
"AAA098,,,,2025,AAAippics,,,,""Pair 98 Front"",AAA098_front.jpg,AAA098_back.jpg,98,098,AAA098_front.jpg",,,,,,,,,,,,,,
"AAA098,,,,2025,AAAippics,,,,""Pair 98 Back"",AAA098_front.jpg,AAA098_back.jpg,98,098,AAA098_back.jpg",,,,,,,,,,,,,,
"AAA099,,,,2025,AAAippics,,,,""Pair 99 Front"",AAA099_front.jpg,AAA099_back.jpg,99,099,AAA099_front.jpg",,,,,,,,,,,,,,
"AAA099,,,,2025,AAAippics,,,,""Pair 99 Back"",AAA099_front.jpg,AAA099_back.jpg,99,099,AAA099_back.jpg",,,,,,,,,,,,,,
"AAA100,,,,2025,AAAippics,,,,""Pair 100 Front"",AAA100_front.jpg,AAA100_back.jpg,100,100,AAA100_front.jpg",,,,,,,,,,,,,,
"AAA100,,,,2025,AAAippics,,,,""Pair 100 Back"",AAA100_front.jpg,AAA100_back.jpg,100,100,AAA100_back.jpg",,,,,,,,,,,,,,
"AAA101,,,,2025,AAAippics,,,,""Pair 101 Front"",AAA101_front.jpg,AAA101_back.jpg,101,101,AAA101_front.jpg",,,,,,,,,,,,,,
"AAA101,,,,2025,AAAippics,,,,""Pair 101 Back"",AAA101_front.jpg,AAA101_back.jpg,101,101,AAA101_back.jpg",,,,,,,,,,,,,,
"AAA102,,,,2025,AAAippics,,,,""Pair 102 Front"",AAA102_front.jpg,AAA102_back.jpg,102,102,AAA102_front.jpg",,,,,,,,,,,,,,
"AAA102,,,,2025,AAAippics,,,,""Pair 102 Back"",AAA102_front.jpg,AAA102_back.jpg,102,102,AAA102_back.jpg",,,,,,,,,,,,,,
"AAA103,,,,2025,AAAippics,,,,""Pair 103 Front"",AAA103_front.jpg,AAA103_back.jpg,103,103,AAA103_front.jpg",,,,,,,,,,,,,,
"AAA103,,,,2025,AAAippics,,,,""Pair 103 Back"",AAA103_front.jpg,AAA103_back.jpg,103,103,AAA103_back.jpg",,,,,,,,,,,,,,
"AAA104,,,,2025,AAAippics,,,,""Pair 104 Front"",AAA104_front.jpg,AAA104_back.jpg,104,104,AAA104_front.jpg",,,,,,,,,,,,,,
"AAA104,,,,2025,AAAippics,,,,""Pair 104 Back"",AAA104_front.jpg,AAA104_back.jpg,104,104,AAA104_back.jpg",,,,,,,,,,,,,,
"AAA105,,,,2025,AAAippics,,,,""Pair 105 Front"",AAA105_front.jpg,AAA105_back.jpg,105,105,AAA105_front.jpg",,,,,,,,,,,,,,
"AAA105,,,,2025,AAAippics,,,,""Pair 105 Back"",AAA105_front.jpg,AAA105_back.jpg,105,105,AAA105_back.jpg",,,,,,,,,,,,,,
"AAA106,,,,2025,AAAippics,,,,""Pair 106 Front"",AAA106_front.jpg,AAA106_back.jpg,106,106,AAA106_front.jpg",,,,,,,,,,,,,,
"AAA106,,,,2025,AAAippics,,,,""Pair 106 Back"",AAA106_front.jpg,AAA106_back.jpg,106,106,AAA106_back.jpg",,,,,,,,,,,,,,
"AAA107,,,,2025,AAAippics,,,,""Pair 107 Front"",AAA107_front.jpg,AAA107_back.jpg,107,107,AAA107_front.jpg",,,,,,,,,,,,,,
"AAA107,,,,2025,AAAippics,,,,""Pair 107 Back"",AAA107_front.jpg,AAA107_back.jpg,107,107,AAA107_back.jpg",,,,,,,,,,,,,,
"AAA108,,,,2025,AAAippics,,,,""Pair 108 Front"",AAA108_front.jpg,AAA108_back.jpg,108,108,AAA108_front.jpg",,,,,,,,,,,,,,
"AAA108,,,,2025,AAAippics,,,,""Pair 108 Back"",AAA108_front.jpg,AAA108_back.jpg,108,108,AAA108_back.jpg",,,,,,,,,,,,,,
"AAA109,,,,2025,AAAippics,,,,""Pair 109 Front"",AAA109_front.jpg,AAA109_back.jpg,109,109,AAA109_front.jpg",,,,,,,,,,,,,,
"AAA109,,,,2025,AAAippics,,,,""Pair 109 Back"",AAA109_front.jpg,AAA109_back.jpg,109,109,AAA109_back.jpg",,,,,,,,,,,,,,
"AAA110,,,,2025,AAAippics,,,,""Pair 110 Front"",AAA110_front.jpg,AAA110_back.jpg,110,110,AAA110_front.jpg",,,,,,,,,,,,,,
"AAA110,,,,2025,AAAippics,,,,""Pair 110 Back"",AAA110_front.jpg,AAA110_back.jpg,110,110,AAA110_back.jpg",,,,,,,,,,,,,,
"AAA111,,,,2025,AAAippics,,,,""Pair 111 Front"",AAA111_front.jpg,AAA111_back.jpg,111,111,AAA111_front.jpg",,,,,,,,,,,,,,
"AAA111,,,,2025,AAAippics,,,,""Pair 111 Back"",AAA111_front.jpg,AAA111_back.jpg,111,111,AAA111_back.jpg",,,,,,,,,,,,,,
"AAA112,,,,2025,AAAippics,,,,""Pair 112 Front"",AAA112_front.jpg,AAA112_back.jpg,112,112,AAA112_front.jpg",,,,,,,,,,,,,,
"AAA112,,,,2025,AAAippics,,,,""Pair 112 Back"",AAA112_front.jpg,AAA112_back.jpg,112,112,AAA112_back.jpg",,,,,,,,,,,,,,
"AAA113,,,,2025,AAAippics,,,,""Pair 113 Front"",AAA113_front.jpg,AAA113_back.jpg,113,113,AAA113_front.jpg",,,,,,,,,,,,,,
"AAA113,,,,2025,AAAippics,,,,""Pair 113 Back"",AAA113_front.jpg,AAA113_back.jpg,113,113,AAA113_back.jpg",,,,,,,,,,,,,,
"AAA114,,,,2025,AAAippics,,,,""Pair 114 Front"",AAA114_front.jpg,AAA114_back.jpg,114,114,AAA114_front.jpg",,,,,,,,,,,,,,
"AAA114,,,,2025,AAAippics,,,,""Pair 114 Back"",AAA114_front.jpg,AAA114_back.jpg,114,114,AAA114_back.jpg",,,,,,,,,,,,,,
"AAA115,,,,2025,AAAippics,,,,""Pair 115 Front"",AAA115_front.jpg,AAA115_back.jpg,115,115,AAA115_front.jpg",,,,,,,,,,,,,,
"AAA115,,,,2025,AAAippics,,,,""Pair 115 Back"",AAA115_front.jpg,AAA115_back.jpg,115,115,AAA115_back.jpg",,,,,,,,,,,,,,
"AAA116,,,,2025,AAAippics,,,,""Pair 116 Front"",AAA116_front.jpg,AAA116_back.jpg,116,116,AAA116_front.jpg",,,,,,,,,,,,,,
"AAA116,,,,2025,AAAippics,,,,""Pair 116 Back"",AAA116_front.jpg,AAA116_back.jpg,116,116,AAA116_back.jpg",,,,,,,,,,,,,,
"AAA117,,,,2025,AAAippics,,,,""Pair 117 Front"",AAA117_front.jpg,AAA117_back.jpg,117,117,AAA117_front.jpg",,,,,,,,,,,,,,
"AAA117,,,,2025,AAAippics,,,,""Pair 117 Back"",AAA117_front.jpg,AAA117_back.jpg,117,117,AAA117_back.jpg",,,,,,,,,,,,,,
"AAA118,,,,2025,AAAippics,,,,""Pair 118 Front"",AAA118_front.jpg,AAA118_back.jpg,118,118,AAA118_front.jpg",,,,,,,,,,,,,,
"AAA118,,,,2025,AAAippics,,,,""Pair 118 Back"",AAA118_front.jpg,AAA118_back.jpg,118,118,AAA118_back.jpg",,,,,,,,,,,,,,
"AAA119,,,,2025,AAAippics,,,,""Pair 119 Front"",AAA119_front.jpg,AAA119_back.jpg,119,119,AAA119_front.jpg",,,,,,,,,,,,,,
"AAA119,,,,2025,AAAippics,,,,""Pair 119 Back"",AAA119_front.jpg,AAA119_back.jpg,119,119,AAA119_back.jpg",,,,,,,,,,,,,,
"AAA120,,,,2025,AAAippics,,,,""Pair 120 Front"",AAA120_front.jpg,AAA120_back.jpg,120,120,AAA120_front.jpg",,,,,,,,,,,,,,
"AAA120,,,,2025,AAAippics,,,,""Pair 120 Back"",AAA120_front.jpg,AAA120_back.jpg,120,120,AAA120_back.jpg",,,,,,,,,,,,,,
"AAA121,,,,2025,AAAippics,,,,""Pair 121 Front"",AAA121_front.jpg,AAA121_back.jpg,121,121,AAA121_front.jpg",,,,,,,,,,,,,,
"AAA121,,,,2025,AAAippics,,,,""Pair 121 Back"",AAA121_front.jpg,AAA121_back.jpg,121,121,AAA121_back.jpg",,,,,,,,,,,,,,
"AAA122,,,,2025,AAAippics,,,,""Pair 122 Front"",AAA122_front.jpg,AAA122_back.jpg,122,122,AAA122_front.jpg",,,,,,,,,,,,,,
"AAA122,,,,2025,AAAippics,,,,""Pair 122 Back"",AAA122_front.jpg,AAA122_back.jpg,122,122,AAA122_back.jpg",,,,,,,,,,,,,,
"AAA123,,,,2025,AAAippics,,,,""Pair 123 Front"",AAA123_front.jpg,AAA123_back.jpg,123,123,AAA123_front.jpg",,,,,,,,,,,,,,
"AAA123,,,,2025,AAAippics,,,,""Pair 123 Back"",AAA123_front.jpg,AAA123_back.jpg,123,123,AAA123_back.jpg",,,,,,,,,,,,,,
"AAA124,,,,2025,AAAippics,,,,""Pair 124 Front"",AAA124_front.jpg,AAA124_back.jpg,124,124,AAA124_front.jpg",,,,,,,,,,,,,,
"AAA124,,,,2025,AAAippics,,,,""Pair 124 Back"",AAA124_front.jpg,AAA124_back.jpg,124,124,AAA124_back.jpg",,,,,,,,,,,,,,
"AAA125,,,,2025,AAAippics,,,,""Pair 125 Front"",AAA125_front.jpg,AAA125_back.jpg,125,125,AAA125_front.jpg",,,,,,,,,,,,,,
"AAA125,,,,2025,AAAippics,,,,""Pair 125 Back"",AAA125_front.jpg,AAA125_back.jpg,125,125,AAA125_back.jpg",,,,,,,,,,,,,,
"AAA126,,,,2025,AAAippics,,,,""Pair 126 Front"",AAA126_front.jpg,AAA126_back.jpg,126,126,AAA126_front.jpg",,,,,,,,,,,,,,
"AAA126,,,,2025,AAAippics,,,,""Pair 126 Back"",AAA126_front.jpg,AAA126_back.jpg,126,126,AAA126_back.jpg",,,,,,,,,,,,,,
"AAA127,,,,2025,AAAippics,,,,""Pair 127 Front"",AAA127_front.jpg,AAA127_back.jpg,127,127,AAA127_front.jpg",,,,,,,,,,,,,,
"AAA127,,,,2025,AAAippics,,,,""Pair 127 Back"",AAA127_front.jpg,AAA127_back.jpg,127,127,AAA127_back.jpg",,,,,,,,,,,,,,
"AAA128,,,,2025,AAAippics,,,,""Pair 128 Front"",AAA128_front.jpg,AAA128_back.jpg,128,128,AAA128_front.jpg",,,,,,,,,,,,,,
"AAA128,,,,2025,AAAippics,,,,""Pair 128 Back"",AAA128_front.jpg,AAA128_back.jpg,128,128,AAA128_back.jpg",,,,,,,,,,,,,,
"AAA129,,,,2025,AAAippics,,,,""Pair 129 Front"",AAA129_front.jpg,AAA129_back.jpg,129,129,AAA129_front.jpg",,,,,,,,,,,,,,
"AAA129,,,,2025,AAAippics,,,,""Pair 129 Back"",AAA129_front.jpg,AAA129_back.jpg,129,129,AAA129_back.jpg",,,,,,,,,,,,,,
"AAA130,,,,2025,AAAippics,,,,""Pair 130 Front"",AAA130_front.jpg,AAA130_back.jpg,130,130,AAA130_front.jpg",,,,,,,,,,,,,,
"AAA130,,,,2025,AAAippics,,,,""Pair 130 Back"",AAA130_front.jpg,AAA130_back.jpg,130,130,AAA130_back.jpg",,,,,,,,,,,,,,
"AAA131,,,,2025,AAAippics,,,,""Pair 131 Front"",AAA131_front.jpg,AAA131_back.jpg,131,131,AAA131_front.jpg",,,,,,,,,,,,,,
"AAA131,,,,2025,AAAippics,,,,""Pair 131 Back"",AAA131_front.jpg,AAA131_back.jpg,131,131,AAA131_back.jpg",,,,,,,,,,,,,,
"AAA132,,,,2025,AAAippics,,,,""Pair 132 Front"",AAA132_front.jpg,AAA132_back.jpg,132,132,AAA132_front.jpg",,,,,,,,,,,,,,
"AAA132,,,,2025,AAAippics,,,,""Pair 132 Back"",AAA132_front.jpg,AAA132_back.jpg,132,132,AAA132_back.jpg",,,,,,,,,,,,,,
"AAA133,,,,2025,AAAippics,,,,""Pair 133 Front"",AAA133_front.jpg,AAA133_back.jpg,133,133,AAA133_front.jpg",,,,,,,,,,,,,,
"AAA133,,,,2025,AAAippics,,,,""Pair 133 Back"",AAA133_front.jpg,AAA133_back.jpg,133,133,AAA133_back.jpg",,,,,,,,,,,,,,
"AAA134,,,,2025,AAAippics,,,,""Pair 134 Front"",AAA134_front.jpg,AAA134_back.jpg,134,134,AAA134_front.jpg",,,,,,,,,,,,,,
"AAA134,,,,2025,AAAippics,,,,""Pair 134 Back"",AAA134_front.jpg,AAA134_back.jpg,134,134,AAA134_back.jpg",,,,,,,,,,,,,,
"AAA135,,,,2025,AAAippics,,,,""Pair 135 Front"",AAA135_front.jpg,AAA135_back.jpg,135,135,AAA135_front.jpg",,,,,,,,,,,,,,
"AAA135,,,,2025,AAAippics,,,,""Pair 135 Back"",AAA135_front.jpg,AAA135_back.jpg,135,135,AAA135_back.jpg",,,,,,,,,,,,,,
"AAA136,,,,2025,AAAippics,,,,""Pair 136 Front"",AAA136_front.jpg,AAA136_back.jpg,136,136,AAA136_front.jpg",,,,,,,,,,,,,,
"AAA136,,,,2025,AAAippics,,,,""Pair 136 Back"",AAA136_front.jpg,AAA136_back.jpg,136,136,AAA136_back.jpg",,,,,,,,,,,,,,
"AAA137,,,,2025,AAAippics,,,,""Pair 137 Front"",AAA137_front.jpg,AAA137_back.jpg,137,137,AAA137_front.jpg",,,,,,,,,,,,,,
"AAA137,,,,2025,AAAippics,,,,""Pair 137 Back"",AAA137_front.jpg,AAA137_back.jpg,137,137,AAA137_back.jpg",,,,,,,,,,,,,,
"AAA138,,,,2025,AAAippics,,,,""Pair 138 Front"",AAA138_front.jpg,AAA138_back.jpg,138,138,AAA138_front.jpg",,,,,,,,,,,,,,
"AAA138,,,,2025,AAAippics,,,,""Pair 138 Back"",AAA138_front.jpg,AAA138_back.jpg,138,138,AAA138_back.jpg",,,,,,,,,,,,,,
"AAA139,,,,2025,AAAippics,,,,""Pair 139 Front"",AAA139_front.jpg,AAA139_back.jpg,139,139,AAA139_front.jpg",,,,,,,,,,,,,,
"AAA139,,,,2025,AAAippics,,,,""Pair 139 Back"",AAA139_front.jpg,AAA139_back.jpg,139,139,AAA139_back.jpg",,,,,,,,,,,,,,
"AAA140,,,,2025,AAAippics,,,,""Pair 140 Front"",AAA140_front.jpg,AAA140_back.jpg,140,140,AAA140_front.jpg",,,,,,,,,,,,,,
"AAA140,,,,2025,AAAippics,,,,""Pair 140 Back"",AAA140_front.jpg,AAA140_back.jpg,140,140,AAA140_back.jpg",,,,,,,,,,,,,,
"AAA141,,,,2025,AAAippics,,,,""Pair 141 Front"",AAA141_front.jpg,AAA141_back.jpg,141,141,AAA141_front.jpg",,,,,,,,,,,,,,
"AAA141,,,,2025,AAAippics,,,,""Pair 141 Back"",AAA141_front.jpg,AAA141_back.jpg,141,141,AAA141_back.jpg",,,,,,,,,,,,,,
"AAA142,,,,2025,AAAippics,,,,""Pair 142 Front"",AAA142_front.jpg,AAA142_back.jpg,142,142,AAA142_front.jpg",,,,,,,,,,,,,,
"AAA142,,,,2025,AAAippics,,,,""Pair 142 Back"",AAA142_front.jpg,AAA142_back.jpg,142,142,AAA142_back.jpg",,,,,,,,,,,,,,
"AAA143,,,,2025,AAAippics,,,,""Pair 143 Front"",AAA143_front.jpg,AAA143_back.jpg,143,143,AAA143_front.jpg",,,,,,,,,,,,,,
"AAA143,,,,2025,AAAippics,,,,""Pair 143 Back"",AAA143_front.jpg,AAA143_back.jpg,143,143,AAA143_back.jpg",,,,,,,,,,,,,,
"AAA144,,,,2025,AAAippics,,,,""Pair 144 Front"",AAA144_front.jpg,AAA144_back.jpg,144,144,AAA144_front.jpg",,,,,,,,,,,,,,
"AAA144,,,,2025,AAAippics,,,,""Pair 144 Back"",AAA144_front.jpg,AAA144_back.jpg,144,144,AAA144_back.jpg",,,,,,,,,,,,,,
"AAA145,,,,2025,AAAippics,,,,""Pair 145 Front"",AAA145_front.jpg,AAA145_back.jpg,145,145,AAA145_front.jpg",,,,,,,,,,,,,,
"AAA145,,,,2025,AAAippics,,,,""Pair 145 Back"",AAA145_front.jpg,AAA145_back.jpg,145,145,AAA145_back.jpg",,,,,,,,,,,,,,
"AAA146,,,,2025,AAAippics,,,,""Pair 146 Front"",AAA146_front.jpg,AAA146_back.jpg,146,146,AAA146_front.jpg",,,,,,,,,,,,,,
"AAA146,,,,2025,AAAippics,,,,""Pair 146 Back"",AAA146_front.jpg,AAA146_back.jpg,146,146,AAA146_back.jpg",,,,,,,,,,,,,,
"AAA147,,,,2025,AAAippics,,,,""Pair 147 Front"",AAA147_front.jpg,AAA147_back.jpg,147,147,AAA147_front.jpg",,,,,,,,,,,,,,
"AAA147,,,,2025,AAAippics,,,,""Pair 147 Back"",AAA147_front.jpg,AAA147_back.jpg,147,147,AAA147_back.jpg",,,,,,,,,,,,,,
"AAA148,,,,2025,AAAippics,,,,""Pair 148 Front"",AAA148_front.jpg,AAA148_back.jpg,148,148,AAA148_front.jpg",,,,,,,,,,,,,,
"AAA148,,,,2025,AAAippics,,,,""Pair 148 Back"",AAA148_front.jpg,AAA148_back.jpg,148,148,AAA148_back.jpg",,,,,,,,,,,,,,
"AAA149,,,,2025,AAAippics,,,,""Pair 149 Front"",AAA149_front.jpg,AAA149_back.jpg,149,149,AAA149_front.jpg",,,,,,,,,,,,,,
"AAA149,,,,2025,AAAippics,,,,""Pair 149 Back"",AAA149_front.jpg,AAA149_back.jpg,149,149,AAA149_back.jpg",,,,,,,,,,,,,,
"AAA150,,,,2025,AAAippics,,,,""Pair 150 Front"",AAA150_front.jpg,AAA150_back.jpg,150,150,AAA150_front.jpg",,,,,,,,,,,,,,
"AAA150,,,,2025,AAAippics,,,,""Pair 150 Back"",AAA150_front.jpg,AAA150_back.jpg,150,150,AAA150_back.jpg",,,,,,,,,,,,,,
"AAA151,,,,2025,AAAippics,,,,""Pair 151 Front"",AAA151_front.jpg,AAA151_back.jpg,151,151,AAA151_front.jpg",,,,,,,,,,,,,,
"AAA151,,,,2025,AAAippics,,,,""Pair 151 Back"",AAA151_front.jpg,AAA151_back.jpg,151,151,AAA151_back.jpg",,,,,,,,,,,,,,
"AAA152,,,,2025,AAAippics,,,,""Pair 152 Front"",AAA152_front.jpg,AAA152_back.jpg,152,152,AAA152_front.jpg",,,,,,,,,,,,,,
"AAA152,,,,2025,AAAippics,,,,""Pair 152 Back"",AAA152_front.jpg,AAA152_back.jpg,152,152,AAA152_back.jpg",,,,,,,,,,,,,,
"AAA153,,,,2025,AAAippics,,,,""Pair 153 Front"",AAA153_front.jpg,AAA153_back.jpg,153,153,AAA153_front.jpg",,,,,,,,,,,,,,
"AAA153,,,,2025,AAAippics,,,,""Pair 153 Back"",AAA153_front.jpg,AAA153_back.jpg,153,153,AAA153_back.jpg",,,,,,,,,,,,,,
"AAA154,,,,2025,AAAippics,,,,""Pair 154 Front"",AAA154_front.jpg,AAA154_back.jpg,154,154,AAA154_front.jpg",,,,,,,,,,,,,,
"AAA154,,,,2025,AAAippics,,,,""Pair 154 Back"",AAA154_front.jpg,AAA154_back.jpg,154,154,AAA154_back.jpg",,,,,,,,,,,,,,
"AAA155,,,,2025,AAAippics,,,,""Pair 155 Front"",AAA155_front.jpg,AAA155_back.jpg,155,155,AAA155_front.jpg",,,,,,,,,,,,,,
"AAA155,,,,2025,AAAippics,,,,""Pair 155 Back"",AAA155_front.jpg,AAA155_back.jpg,155,155,AAA155_back.jpg",,,,,,,,,,,,,,
"AAA156,,,,2025,AAAippics,,,,""Pair 156 Front"",AAA156_front.jpg,AAA156_back.jpg,156,156,AAA156_front.jpg",,,,,,,,,,,,,,
"AAA156,,,,2025,AAAippics,,,,""Pair 156 Back"",AAA156_front.jpg,AAA156_back.jpg,156,156,AAA156_back.jpg",,,,,,,,,,,,,,
"AAA157,,,,2025,AAAippics,,,,""Pair 157 Front"",AAA157_front.jpg,AAA157_back.jpg,157,157,AAA157_front.jpg",,,,,,,,,,,,,,
"AAA157,,,,2025,AAAippics,,,,""Pair 157 Back"",AAA157_front.jpg,AAA157_back.jpg,157,157,AAA157_back.jpg",,,,,,,,,,,,,,
"AAA158,,,,2025,AAAippics,,,,""Pair 158 Front"",AAA158_front.jpg,AAA158_back.jpg,158,158,AAA158_front.jpg",,,,,,,,,,,,,,
"AAA158,,,,2025,AAAippics,,,,""Pair 158 Back"",AAA158_front.jpg,AAA158_back.jpg,158,158,AAA158_back.jpg",,,,,,,,,,,,,,
"AAA159,,,,2025,AAAippics,,,,""Pair 159 Front"",AAA159_front.jpg,AAA159_back.jpg,159,159,AAA159_front.jpg",,,,,,,,,,,,,,
"AAA159,,,,2025,AAAippics,,,,""Pair 159 Back"",AAA159_front.jpg,AAA159_back.jpg,159,159,AAA159_back.jpg",,,,,,,,,,,,,,
"AAA160,,,,2025,AAAippics,,,,""Pair 160 Front"",AAA160_front.jpg,AAA160_back.jpg,160,160,AAA160_front.jpg",,,,,,,,,,,,,,
"AAA160,,,,2025,AAAippics,,,,""Pair 160 Back"",AAA160_front.jpg,AAA160_back.jpg,160,160,AAA160_back.jpg",,,,,,,,,,,,,,
"AAA161,,,,2025,AAAippics,,,,""Pair 161 Front"",AAA161_front.jpg,AAA161_back.jpg,161,161,AAA161_front.jpg",,,,,,,,,,,,,,
"AAA161,,,,2025,AAAippics,,,,""Pair 161 Back"",AAA161_front.jpg,AAA161_back.jpg,161,161,AAA161_back.jpg",,,,,,,,,,,,,,
"AAA162,,,,2025,AAAippics,,,,""Pair 162 Front"",AAA162_front.jpg,AAA162_back.jpg,162,162,AAA162_front.jpg",,,,,,,,,,,,,,
"AAA162,,,,2025,AAAippics,,,,""Pair 162 Back"",AAA162_front.jpg,AAA162_back.jpg,162,162,AAA162_back.jpg",,,,,,,,,,,,,,
"AAA163,,,,2025,AAAippics,,,,""Pair 163 Front"",AAA163_front.jpg,AAA163_back.jpg,163,163,AAA163_front.jpg",,,,,,,,,,,,,,
"AAA163,,,,2025,AAAippics,,,,""Pair 163 Back"",AAA163_front.jpg,AAA163_back.jpg,163,163,AAA163_back.jpg",,,,,,,,,,,,,,
"AAA164,,,,2025,AAAippics,,,,""Pair 164 Front"",AAA164_front.jpg,AAA164_back.jpg,164,164,AAA164_front.jpg",,,,,,,,,,,,,,
"AAA164,,,,2025,AAAippics,,,,""Pair 164 Back"",AAA164_front.jpg,AAA164_back.jpg,164,164,AAA164_back.jpg",,,,,,,,,,,,,,
"AAA165,,,,2025,AAAippics,,,,""Pair 165 Front"",AAA165_front.jpg,AAA165_back.jpg,165,165,AAA165_front.jpg",,,,,,,,,,,,,,
"AAA165,,,,2025,AAAippics,,,,""Pair 165 Back"",AAA165_front.jpg,AAA165_back.jpg,165,165,AAA165_back.jpg",,,,,,,,,,,,,,
"AAA166,,,,2025,AAAippics,,,,""Pair 166 Front"",AAA166_front.jpg,AAA166_back.jpg,166,166,AAA166_front.jpg",,,,,,,,,,,,,,
"AAA166,,,,2025,AAAippics,,,,""Pair 166 Back"",AAA166_front.jpg,AAA166_back.jpg,166,166,AAA166_back.jpg",,,,,,,,,,,,,,
"AAA167,,,,2025,AAAippics,,,,""Pair 167 Front"",AAA167_front.jpg,AAA167_back.jpg,167,167,AAA167_front.jpg",,,,,,,,,,,,,,
"AAA167,,,,2025,AAAippics,,,,""Pair 167 Back"",AAA167_front.jpg,AAA167_back.jpg,167,167,AAA167_back.jpg",,,,,,,,,,,,,,
"AAA168,,,,2025,AAAippics,,,,""Pair 168 Front"",AAA168_front.jpg,AAA168_back.jpg,168,168,AAA168_front.jpg",,,,,,,,,,,,,,
"AAA168,,,,2025,AAAippics,,,,""Pair 168 Back"",AAA168_front.jpg,AAA168_back.jpg,168,168,AAA168_back.jpg",,,,,,,,,,,,,,
"AAA169,,,,2025,AAAippics,,,,""Pair 169 Front"",AAA169_front.jpg,AAA169_back.jpg,169,169,AAA169_front.jpg",,,,,,,,,,,,,,
"AAA169,,,,2025,AAAippics,,,,""Pair 169 Back"",AAA169_front.jpg,AAA169_back.jpg,169,169,AAA169_back.jpg",,,,,,,,,,,,,,
"AAA170,,,,2025,AAAippics,,,,""Pair 170 Front"",AAA170_front.jpg,AAA170_back.jpg,170,170,AAA170_front.jpg",,,,,,,,,,,,,,
"AAA170,,,,2025,AAAippics,,,,""Pair 170 Back"",AAA170_front.jpg,AAA170_back.jpg,170,170,AAA170_back.jpg",,,,,,,,,,,,,,
"AAA171,,,,2025,AAAippics,,,,""Pair 171 Front"",AAA171_front.jpg,AAA171_back.jpg,171,171,AAA171_front.jpg",,,,,,,,,,,,,,
"AAA171,,,,2025,AAAippics,,,,""Pair 171 Back"",AAA171_front.jpg,AAA171_back.jpg,171,171,AAA171_back.jpg",,,,,,,,,,,,,,
"AAA172,,,,2025,AAAippics,,,,""Pair 172 Front"",AAA172_front.jpg,AAA172_back.jpg,172,172,AAA172_front.jpg",,,,,,,,,,,,,,
"AAA172,,,,2025,AAAippics,,,,""Pair 172 Back"",AAA172_front.jpg,AAA172_back.jpg,172,172,AAA172_back.jpg",,,,,,,,,,,,,,
"AAA173,,,,2025,AAAippics,,,,""Pair 173 Front"",AAA173_front.jpg,AAA173_back.jpg,173,173,AAA173_front.jpg",,,,,,,,,,,,,,
"AAA173,,,,2025,AAAippics,,,,""Pair 173 Back"",AAA173_front.jpg,AAA173_back.jpg,173,173,AAA173_back.jpg",,,,,,,,,,,,,,
"AAA174,,,,2025,AAAippics,,,,""Pair 174 Front"",AAA174_front.jpg,AAA174_back.jpg,174,174,AAA174_front.jpg",,,,,,,,,,,,,,
"AAA174,,,,2025,AAAippics,,,,""Pair 174 Back"",AAA174_front.jpg,AAA174_back.jpg,174,174,AAA174_back.jpg",,,,,,,,,,,,,,
"AAA175,,,,2025,AAAippics,,,,""Pair 175 Front"",AAA175_front.jpg,AAA175_back.jpg,175,175,AAA175_front.jpg",,,,,,,,,,,,,,
"AAA175,,,,2025,AAAippics,,,,""Pair 175 Back"",AAA175_front.jpg,AAA175_back.jpg,175,175,AAA175_back.jpg",,,,,,,,,,,,,,
"AAA176,,,,2025,AAAippics,,,,""Pair 176 Front"",AAA176_front.jpg,AAA176_back.jpg,176,176,AAA176_front.jpg",,,,,,,,,,,,,,
"AAA176,,,,2025,AAAippics,,,,""Pair 176 Back"",AAA176_front.jpg,AAA176_back.jpg,176,176,AAA176_back.jpg",,,,,,,,,,,,,,
"AAA177,,,,2025,AAAippics,,,,""Pair 177 Front"",AAA177_front.jpg,AAA177_back.jpg,177,177,AAA177_front.jpg",,,,,,,,,,,,,,
"AAA177,,,,2025,AAAippics,,,,""Pair 177 Back"",AAA177_front.jpg,AAA177_back.jpg,177,177,AAA177_back.jpg",,,,,,,,,,,,,,
"AAA178,,,,2025,AAAippics,,,,""Pair 178 Front"",AAA178_front.jpg,AAA178_back.jpg,178,178,AAA178_front.jpg",,,,,,,,,,,,,,
"AAA178,,,,2025,AAAippics,,,,""Pair 178 Back"",AAA178_front.jpg,AAA178_back.jpg,178,178,AAA178_back.jpg",,,,,,,,,,,,,,
"AAA179,,,,2025,AAAippics,,,,""Pair 179 Front"",AAA179_front.jpg,AAA179_back.jpg,179,179,AAA179_front.jpg",,,,,,,,,,,,,,
"AAA179,,,,2025,AAAippics,,,,""Pair 179 Back"",AAA179_front.jpg,AAA179_back.jpg,179,179,AAA179_back.jpg",,,,,,,,,,,,,,
"AAA180,,,,2025,AAAippics,,,,""Pair 180 Front"",AAA180_front.jpg,AAA180_back.jpg,180,180,AAA180_front.jpg",,,,,,,,,,,,,,
"AAA180,,,,2025,AAAippics,,,,""Pair 180 Back"",AAA180_front.jpg,AAA180_back.jpg,180,180,AAA180_back.jpg",,,,,,,,,,,,,,
"AAA181,,,,2025,AAAippics,,,,""Pair 181 Front"",AAA181_front.jpg,AAA181_back.jpg,181,181,AAA181_front.jpg",,,,,,,,,,,,,,
"AAA181,,,,2025,AAAippics,,,,""Pair 181 Back"",AAA181_front.jpg,AAA181_back.jpg,181,181,AAA181_back.jpg",,,,,,,,,,,,,,
"AAA182,,,,2025,AAAippics,,,,""Pair 182 Front"",AAA182_front.jpg,AAA182_back.jpg,182,182,AAA182_front.jpg",,,,,,,,,,,,,,
"AAA182,,,,2025,AAAippics,,,,""Pair 182 Back"",AAA182_front.jpg,AAA182_back.jpg,182,182,AAA182_back.jpg",,,,,,,,,,,,,,
"AAA183,,,,2025,AAAippics,,,,""Pair 183 Front"",AAA183_front.jpg,AAA183_back.jpg,183,183,AAA183_front.jpg",,,,,,,,,,,,,,
"AAA183,,,,2025,AAAippics,,,,""Pair 183 Back"",AAA183_front.jpg,AAA183_back.jpg,183,183,AAA183_back.jpg",,,,,,,,,,,,,,
"AAA184,,,,2025,AAAippics,,,,""Pair 184 Front"",AAA184_front.jpg,AAA184_back.jpg,184,184,AAA184_front.jpg",,,,,,,,,,,,,,
"AAA184,,,,2025,AAAippics,,,,""Pair 184 Back"",AAA184_front.jpg,AAA184_back.jpg,184,184,AAA184_back.jpg",,,,,,,,,,,,,,
"AAA185,,,,2025,AAAippics,,,,""Pair 185 Front"",AAA185_front.jpg,AAA185_back.jpg,185,185,AAA185_front.jpg",,,,,,,,,,,,,,
"AAA185,,,,2025,AAAippics,,,,""Pair 185 Back"",AAA185_front.jpg,AAA185_back.jpg,185,185,AAA185_back.jpg",,,,,,,,,,,,,,
"AAA186,,,,2025,AAAippics,,,,""Pair 186 Front"",AAA186_front.jpg,AAA186_back.jpg,186,186,AAA186_front.jpg",,,,,,,,,,,,,,
"AAA186,,,,2025,AAAippics,,,,""Pair 186 Back"",AAA186_front.jpg,AAA186_back.jpg,186,186,AAA186_back.jpg",,,,,,,,,,,,,,
"AAA187,,,,2025,AAAippics,,,,""Pair 187 Front"",AAA187_front.jpg,AAA187_back.jpg,187,187,AAA187_front.jpg",,,,,,,,,,,,,,
"AAA187,,,,2025,AAAippics,,,,""Pair 187 Back"",AAA187_front.jpg,AAA187_back.jpg,187,187,AAA187_back.jpg",,,,,,,,,,,,,,
"AAA188,,,,2025,AAAippics,,,,""Pair 188 Front"",AAA188_front.jpg,AAA188_back.jpg,188,188,AAA188_front.jpg",,,,,,,,,,,,,,
"AAA188,,,,2025,AAAippics,,,,""Pair 188 Back"",AAA188_front.jpg,AAA188_back.jpg,188,188,AAA188_back.jpg",,,,,,,,,,,,,,
"AAA189,,,,2025,AAAippics,,,,""Pair 189 Front"",AAA189_front.jpg,AAA189_back.jpg,189,189,AAA189_front.jpg",,,,,,,,,,,,,,
"AAA189,,,,2025,AAAippics,,,,""Pair 189 Back"",AAA189_front.jpg,AAA189_back.jpg,189,189,AAA189_back.jpg",,,,,,,,,,,,,,
"AAA190,,,,2025,AAAippics,,,,""Pair 190 Front"",AAA190_front.jpg,AAA190_back.jpg,190,190,AAA190_front.jpg",,,,,,,,,,,,,,
"AAA190,,,,2025,AAAippics,,,,""Pair 190 Back"",AAA190_front.jpg,AAA190_back.jpg,190,190,AAA190_back.jpg",,,,,,,,,,,,,,
"AAA191,,,,2025,AAAippics,,,,""Pair 191 Front"",AAA191_front.jpg,AAA191_back.jpg,191,191,AAA191_front.jpg",,,,,,,,,,,,,,
"AAA191,,,,2025,AAAippics,,,,""Pair 191 Back"",AAA191_front.jpg,AAA191_back.jpg,191,191,AAA191_back.jpg",,,,,,,,,,,,,,
"AAA192,,,,2025,AAAippics,,,,""Pair 192 Front"",AAA192_front.jpg,AAA192_back.jpg,192,192,AAA192_front.jpg",,,,,,,,,,,,,,
"AAA192,,,,2025,AAAippics,,,,""Pair 192 Back"",AAA192_front.jpg,AAA192_back.jpg,192,192,AAA192_back.jpg",,,,,,,,,,,,,,
"AAA193,,,,2025,AAAippics,,,,""Pair 193 Front"",AAA193_front.jpg,AAA193_back.jpg,193,193,AAA193_front.jpg",,,,,,,,,,,,,,
"AAA193,,,,2025,AAAippics,,,,""Pair 193 Back"",AAA193_front.jpg,AAA193_back.jpg,193,193,AAA193_back.jpg",,,,,,,,,,,,,,
"AAA194,,,,2025,AAAippics,,,,""Pair 194 Front"",AAA194_front.jpg,AAA194_back.jpg,194,194,AAA194_front.jpg",,,,,,,,,,,,,,
"AAA194,,,,2025,AAAippics,,,,""Pair 194 Back"",AAA194_front.jpg,AAA194_back.jpg,194,194,AAA194_back.jpg",,,,,,,,,,,,,,
"AAA195,,,,2025,AAAippics,,,,""Pair 195 Front"",AAA195_front.jpg,AAA195_back.jpg,195,195,AAA195_front.jpg",,,,,,,,,,,,,,
"AAA195,,,,2025,AAAippics,,,,""Pair 195 Back"",AAA195_front.jpg,AAA195_back.jpg,195,195,AAA195_back.jpg",,,,,,,,,,,,,,
"AAA196,,,,2025,AAAippics,,,,""Pair 196 Front"",AAA196_front.jpg,AAA196_back.jpg,196,196,AAA196_front.jpg",,,,,,,,,,,,,,
"AAA196,,,,2025,AAAippics,,,,""Pair 196 Back"",AAA196_front.jpg,AAA196_back.jpg,196,196,AAA196_back.jpg",,,,,,,,,,,,,,
"AAA197,,,,2025,AAAippics,,,,""Pair 197 Front"",AAA197_front.jpg,AAA197_back.jpg,197,197,AAA197_front.jpg",,,,,,,,,,,,,,
"AAA197,,,,2025,AAAippics,,,,""Pair 197 Back"",AAA197_front.jpg,AAA197_back.jpg,197,197,AAA197_back.jpg",,,,,,,,,,,,,,
"AAA198,,,,2025,AAAippics,,,,""Pair 198 Front"",AAA198_front.jpg,AAA198_back.jpg,198,198,AAA198_front.jpg",,,,,,,,,,,,,,
"AAA198,,,,2025,AAAippics,,,,""Pair 198 Back"",AAA198_front.jpg,AAA198_back.jpg,198,198,AAA198_back.jpg",,,,,,,,,,,,,,
"AAA199,,,,2025,AAAippics,,,,""Pair 199 Front"",AAA199_front.jpg,AAA199_back.jpg,199,199,AAA199_front.jpg",,,,,,,,,,,,,,
"AAA199,,,,2025,AAAippics,,,,""Pair 199 Back"",AAA199_front.jpg,AAA199_back.jpg,199,199,AAA199_back.jpg",,,,,,,,,,,,,,
"AAA200,,,,2025,AAAippics,,,,""Pair 200 Front"",AAA200_front.jpg,AAA200_back.jpg,200,200,AAA200_front.jpg",,,,,,,,,,,,,,
"AAA200,,,,2025,AAAippics,,,,""Pair 200 Back"",AAA200_front.jpg,AAA200_back.jpg,200,200,AAA200_back.jpg",,,,,,,,,,,,,,
"AAA201,,,,2025,AAAippics,,,,""Pair 201 Front"",AAA201_front.jpg,AAA201_back.jpg,201,201,AAA201_front.jpg",,,,,,,,,,,,,,
"AAA201,,,,2025,AAAippics,,,,""Pair 201 Back"",AAA201_front.jpg,AAA201_back.jpg,201,201,AAA201_back.jpg",,,,,,,,,,,,,,
"AAA202,,,,2025,AAAippics,,,,""Pair 202 Front"",AAA202_front.jpg,AAA202_back.jpg,202,202,AAA202_front.jpg",,,,,,,,,,,,,,
"AAA202,,,,2025,AAAippics,,,,""Pair 202 Back"",AAA202_front.jpg,AAA202_back.jpg,202,202,AAA202_back.jpg",,,,,,,,,,,,,,
"AAA203,,,,2025,AAAippics,,,,""Pair 203 Front"",AAA203_front.jpg,AAA203_back.jpg,203,203,AAA203_front.jpg",,,,,,,,,,,,,,
"AAA203,,,,2025,AAAippics,,,,""Pair 203 Back"",AAA203_front.jpg,AAA203_back.jpg,203,203,AAA203_back.jpg",,,,,,,,,,,,,,
"AAA204,,,,2025,AAAippics,,,,""Pair 204 Front"",AAA204_front.jpg,AAA204_back.jpg,204,204,AAA204_front.jpg",,,,,,,,,,,,,,
"AAA204,,,,2025,AAAippics,,,,""Pair 204 Back"",AAA204_front.jpg,AAA204_back.jpg,204,204,AAA204_back.jpg",,,,,,,,,,,,,,
"AAA205,,,,2025,AAAippics,,,,""Pair 205 Front"",AAA205_front.jpg,AAA205_back.jpg,205,205,AAA205_front.jpg",,,,,,,,,,,,,,
"AAA205,,,,2025,AAAippics,,,,""Pair 205 Back"",AAA205_front.jpg,AAA205_back.jpg,205,205,AAA205_back.jpg",,,,,,,,,,,,,,
"AAA206,,,,2025,AAAippics,,,,""Pair 206 Front"",AAA206_front.jpg,AAA206_back.jpg,206,206,AAA206_front.jpg",,,,,,,,,,,,,,
"AAA206,,,,2025,AAAippics,,,,""Pair 206 Back"",AAA206_front.jpg,AAA206_back.jpg,206,206,AAA206_back.jpg",,,,,,,,,,,,,,
"AAA207,,,,2025,AAAippics,,,,""Pair 207 Front"",AAA207_front.jpg,AAA207_back.jpg,207,207,AAA207_front.jpg",,,,,,,,,,,,,,
"AAA207,,,,2025,AAAippics,,,,""Pair 207 Back"",AAA207_front.jpg,AAA207_back.jpg,207,207,AAA207_back.jpg",,,,,,,,,,,,,,
"AAA208,,,,2025,AAAippics,,,,""Pair 208 Front"",AAA208_front.jpg,AAA208_back.jpg,208,208,AAA208_front.jpg",,,,,,,,,,,,,,
"AAA208,,,,2025,AAAippics,,,,""Pair 208 Back"",AAA208_front.jpg,AAA208_back.jpg,208,208,AAA208_back.jpg",,,,,,,,,,,,,,
"AAA209,,,,2025,AAAippics,,,,""Pair 209 Front"",AAA209_front.jpg,AAA209_back.jpg,209,209,AAA209_front.jpg",,,,,,,,,,,,,,
"AAA209,,,,2025,AAAippics,,,,""Pair 209 Back"",AAA209_front.jpg,AAA209_back.jpg,209,209,AAA209_back.jpg",,,,,,,,,,,,,,
"AAA210,,,,2025,AAAippics,,,,""Pair 210 Front"",AAA210_front.jpg,AAA210_back.jpg,210,210,AAA210_front.jpg",,,,,,,,,,,,,,
"AAA210,,,,2025,AAAippics,,,,""Intentional double: Final pair"",AAA210_front.jpg,AAA210_back.jpg,210,210,AAA210_back.jpg",,,,,,,,,,,,,,
